URL,AllMessagesFlag,Status
https://t.me/Ae_proxy,true,active
https://t.me/s/sharecentrepro,true,active
https://t.me/ProxyV2IR,true,active
https://t.me/s/taziyanteam,true,active
https://t.me/s/v2ray1_ng,true,active
https://t.me/s/vpnv2rayngv,true,active
https://t.me/v2ray_youtube,true,active
https://t.me/MAZNET,true,active
https://t.me/s/king_network7,true,active
https://t.me/s/juzibaipiao,true,active
https://t.me/V2rayng_Fast,true,active
https://t.me/s/mahxray,true,active
https://t.me/s/Parsashonam,true,active
https://t.me/SimChin_iR,true,active
https://t.me/s/sezar_sec,true,active
https://t.me/s/opensstpvpn,true,active
https://t.me/free_outline_keys,true,active
https://t.me/InfoTech_VK,true,active
https://t.me/Capoit,true,active
https://t.me/Fr33C0nfig,true,active
https://t.me/kamkarstore,true,active
https://t.me/stretten,true,active
https://t.me/s/soskeynet,true,active
https://t.me/v2rayngvpn,true,active
https://t.me/farahvpn,true,active
https://t.me/s/farahvpn,true,active
https://t.me/filtershekan_channel,true,active
https://t.me/ProxyVPN11,true,active
https://t.me/s/freevpnchina,true,active
https://t.me/JKVPN,true,active
https://t.me/s/v2rayNG_Matsuri,true,active
https://t.me/v2rayvpnchannel,true,active
https://t.me/v2range,true,active
https://t.me/juzibaipiao,true,active
https://t.me/s/vmess_iran,true,active
https://t.me/anty_filter,true,active
https://t.me/hddify,true,active
https://t.me/freeland8,true,active
https://t.me/BestProxyTel1,true,active
https://t.me/s/v2ray_configs_pool,true,active
https://t.me/s/tehranargo,true,active
https://t.me/NetZone_ir,true,active
https://t.me/v2rayngcloud,true,active
https://t.me/vmessorg,true,active
https://t.me/v2rayng_vpn403,true,active
https://t.me/v2ray_vpn_ir,true,active
https://t.me/s/prrofile_purple,true,active
https://t.me/s/vmessorg,true,active
https://t.me/RezZonez,true,active
https://t.me/lldalall,true,active
https://t.me/DeathBedText,true,active
https://t.me/Parsashonam,true,active
https://t.me/Shomarrreh,true,active
https://t.me/free1ss,true,active
https://t.me/v2rayRoom,true,active
https://t.me/s/ShadowProxy66,true,active
https://t.me/saministamm,true,active
https://t.me/s/appsooner,true,active
https://t.me/BigSmoke_Config,true,active
https://t.me/s/v2rayyngvpn,true,active
https://t.me/s/v2rayngseven,true,active
https://t.me/s/v2rayngvpn_1,true,active
https://t.me/GozargahAzad,true,active
https://t.me/vmesskhodam,true,active
https://t.me/FlashTunnelx,true,active
https://t.me/atatech_ir,true,active
https://t.me/npvv2rayfilter,true,active
https://t.me/v2rayconfigamir,true,active
https://t.me/ConfigX2ray0,true,active
https://t.me/vpn_kanfik,true,active
https://t.me/aloconfig_com,true,active
https://t.me/v2rayyngvpn,true,active
https://t.me/s/sourcefreefilter,true,active
https://t.me/s/nofilter_v2rayng,true,active
https://t.me/s/v2range,true,active
https://t.me/vipconfingg,true,active
https://t.me/vpnbaz,true,active
https://t.me/srcvpn,true,active
https://t.me/Bluefilter_org,true,active
https://t.me/s/maznet,true,active
https://t.me/wedbazvpn,true,active
https://t.me/s/Freedomnetir,true,active
https://t.me/s/v_2rayng0,true,active
https://t.me/vpnfail_v2ray,true,active
https://t.me/v2ray_configs_pools,true,active
https://t.me/sourcefreefilter,true,active
https://t.me/s/v2rayng_fars,true,active
https://t.me/oneclickvpnkeys,true,active
https://t.me/s/Fr33C0nfig,true,active
https://t.me/AblNet7,true,active
https://t.me/PewezaVPN,true,active
https://t.me/v2rfa,true,active
https://t.me/bad_raqs,true,active
https://t.me/s/mpproxy,true,active
https://t.me/s/free1_vpn,true,active
https://t.me/v2ray1_ng,true,active
https://t.me/s/ConfigX2ray,true,active
https://t.me/Configir98,true,active
https://t.me/v2rayngcustom,true,active
https://t.me/s/wedbazvpn,true,active
https://t.me/v2rayngseven,true,active
https://t.me/s/jetmtp,true,active
https://t.me/Spartan_YT,true,active
https://t.me/LonUp_M,true,active
https://t.me/s/YamYamProxy,true,active
https://t.me/FreeConffning,true,active
https://t.me/free1_vpn,true,active
https://t.me/v2npv,true,active
https://t.me/v2nodes,true,active
https://t.me/canfigiop,true,active
https://t.me/ProxyEliteVPN,true,active
https://t.me/s/grizzlyvpn,true,active
https://t.me/s/v2rayngvpn,true,active
https://t.me/s/DirectVPN,true,active
https://t.me/oxnet_ir,true,active
https://t.me/s/proxystore11,true,active
https://t.me/Proxy_Vpney,true,active
https://t.me/V2RAYFAST_7,true,active
https://t.me/s/configpluse,true,active
https://t.me/s/SafeNetIR,true,active
https://t.me/s/free_outline_keys,true,active
https://t.me/s/ultrasurf_12,true,active
https://t.me/s/v2rayNGcloud,true,active
https://t.me/cpy_teeL,true,active
https://t.me/s/hddify,true,active
https://t.me/s/oxnet_ir,true,active
https://t.me/s/ehsawn8,true,active
https://t.me/mobo_game_land,true,active
https://t.me/DailyV2Proxy,true,active
https://t.me/s/v2nodes,true,active
https://t.me/icv2ray,true,active
https://t.me/s/free1ss,true,active
https://t.me/Hqv2RayNG,true,active
https://t.me/TEHRANARGO,true,active
https://t.me/v2FreeHub,true,active
https://t.me/vaslbemonim7,true,active
https://t.me/s/G0Dv2ray,true,active
https://t.me/s/eaglevps,true,active
https://t.me/soskeynet,true,active
https://t.me/s/vmesskhodam,true,active
https://t.me/crgaming7,true,active
https://t.me/crayingroom,true,active
https://t.me/V2xay,true,active
https://t.me/s/vpnfail_v2ray,true,active
https://t.me/ehsawn8,true,active
https://t.me/Freedomnetir,true,active
https://t.me/s/sinavm,true,active
https://t.me/s/PewezaVPN,true,active
https://t.me/vpnnewz,true,active
https://t.me/s/givevpn,true,active
https://t.me/v2ray_free_conf,true,active
https://t.me/s/v2ray_free_conf,true,active
https://t.me/v2ra_config,true,active
https://t.me/AR14N24b,true,active
https://t.me/irconfi,true,active
https://t.me/sunflowerplato,true,active
https://t.me/ConfigX2ray,true,active
https://t.me/skivpn,true,active
https://t.me/vipv2rayngnp,true,active
https://t.me/s/iran_v2ray1,true,active
https://t.me/s/dns68,true,active
https://t.me/s/falcunargo,true,active
https://t.me/s/PrivateVPNs,true,active
https://t.me/Brayirani,true,active
https://t.me/V2pedia,true,active
https://t.me/persianvpnhub,true,active
https://t.me/s/icv2ray,true,active
https://t.me/s/vpnproxy_v2rayng,true,active
https://t.me/falcunargo,true,active
https://t.me/UnNurmal,true,active
https://t.me/GrizzlyVPN,true,active
https://t.me/KurdConfing,true,active
https://t.me/s/vpncostumer,true,active
https://t.me/config4k,true,active
https://t.me/FreeConfigForYou,true,active
https://t.me/V2ray_Alpha,true,active
https://t.me/iP_CF,true,active
https://t.me/Eag1e_YT,true,active
https://t.me/s/v2ray_youtube,true,active
https://t.me/Hiddify_Nexttt,true,active
https://t.me/s/vpnserverrr,true,active
https://t.me/freenettir,true,active
https://t.me/mtproto_proserver,true,active
https://t.me/givevpn,true,active
https://t.me/Speeds_vpn1,true,active
https://t.me/s/turboo_server,true,active
https://t.me/configshub2,true,active
https://t.me/YamYamProxy,true,active
https://t.me/s/fastkanfig,true,active
https://t.me/hi_proxy_iran,true,active
https://t.me/antimeli,true,active
https://t.me/moft_vpn,true,active
https://t.me/prrofile_purple,true,active
https://t.me/s/croownvpn,true,active
https://t.me/v2ray_unit,true,active
https://t.me/Pirimod,true,active
https://t.me/freev2configs,true,active
https://t.me/vmess_iran,true,active
https://t.me/singbox1,true,active
https://t.me/VlessVpnFree,true,active
https://t.me/s/configshub2,true,active
https://t.me/SafeNetIR,true,active
https://t.me/V2All,true,active
https://t.me/s/V2rayHapp,true,active
https://t.me/ghalagyann,true,active
https://t.me/vpnplusee_free,true,active
https://t.me/s/VlessConfig,true,active
https://t.me/s/external_net,true,active
https://t.me/Zed_NetMeli,true,active
https://t.me/iran_v2ray1,true,active
https://t.me/config_proxy,true,active
https://t.me/s/V2rayng_Fast,true,active
https://t.me/vpnserverrr,true,active
https://t.me/External_Net,true,active
https://t.me/TirexNet,true,active
https://t.me/s/SimChin_ir,true,active
https://t.me/s/stretten,true,active
https://t.me/God_internet1,true,active
https://t.me/ghalagyann2,true,active
https://t.me/Proxymelimon,true,active
https://t.me/s/v2mystery,true,active
https://t.me/s/V2pedia,true,active
https://t.me/ZHW_X_CLUB,true,active
https://t.me/s/kingmtp,true,active
https://t.me/s/vpnplusee_free,true,active
https://t.me/s/skivpn,true,active
https://t.me/MARAMBASHI,true,active
https://t.me/IraneAzad_Net,true,active
https://t.me/filembad,true,active
https://t.me/electvpn0,true,active
https://t.me/Va3lSho,true,active
https://t.me/vasl_bashim,true,active
https://t.me/s/Ae_proxy,true,active
https://t.me/s/v2rfa,true,active
https://t.me/taziyanteam,true,active
https://t.me/s/VIPV2rayNGNP,true,active
https://t.me/s/free_vpn02,true,active
https://t.me/s/irv2rey,true,active
https://t.me/PrivateVPNs,true,active
https://t.me/free_v2ray_npv,true,active
https://t.me/s/AzadNet,true,active
https://t.me/s/iP_CF,true,active
https://t.me/vpnv2rayngv,true,active
https://t.me/ConfingV2RaayNG,true,active
https://t.me/s/ipcloudflaretamiz,true,active
https://t.me/s/vpn_kanfik,true,active
https://t.me/Ahvaz_vpn,true,active
https://t.me/Farah_VPN,true,active
https://t.me/shadowsockskeys,true,active
https://t.me/meliproxyy,true,active
https://t.me/s/IraneAzad_Net,true,active
https://t.me/s/singbox1,true,active
https://t.me/free_vpn02,true,active
https://t.me/azadi_az_inja_migzare,true,active
https://t.me/V2rayTun0,true,active
https://t.me/s/meliproxyy,true,active
https://t.me/DirectVPN,true,active
https://t.me/vpnproxy_v2rayng,true,active
https://t.me/s/ghalagyann2,true,active
https://t.me/s/LonUp_M,true,active
https://t.me/s/freeland8,true,active
https://t.me/techbod,true,active
https://t.me/s/V2ray_Alpha,true,active
https://t.me/s/v2rayconfigamir,true,active
https://t.me/V2rayEnglish,true,active
https://t.me/s/v2rayngcustom,true,active
https://t.me/G0Dv2ray,true,active
https://t.me/v2ray_configs_pool,true,active
https://t.me/s/shadowsockskeys,true,active
https://t.me/s/KurdConfing,true,active
https://t.me/vaslshiiimm,true,active
https://t.me/v2rayng_fars,true,active
https://t.me/proxymelie_ir,true,active
https://t.me/proxy_kafee,true,active
https://t.me/sharecentrepro,true,active
https://t.me/v2rayNG_Matsuri,true,active
https://t.me/Surfboardv2ray,true,active
https://t.me/s/DrovOne,true,active
https://t.me/s/vistav2ray,true,active
https://t.me/v2ray_freex,true,active
https://t.me/vip_vpn_2022,true,active
https://t.me/i10VPN,true,active
https://t.me/ultrasurf_12,true,active
https://t.me/s/wxdy666,true,active
https://t.me/s/guard_revil,true,active
https://t.me/ShadowProxy66,true,active
https://t.me/dns68,true,active
https://t.me/s/hotspotproxy,true,active
https://t.me/s/ghalagyann,true,active
https://t.me/appsooner,true,active
https://t.me/VlessConfig,true,active
https://t.me/s/vip_vpn_2022,true,active
https://t.me/s/fv2ray,true,active
https://t.me/s/moft_vpn,true,active
https://t.me/s/antimeli,true,active
https://t.me/s/vless1,true,active
https://t.me/s/npvv2rayfilter,true,active
https://t.me/s/srcvpn,true,active
https://t.me/s/proxy_kafee,true,active
https://t.me/s/freedatazone1,true,active
https://t.me/Father_vpn,true,active
https://t.me/s/filtershekan_channel,true,active
https://t.me/s/v2rayvpnchannel,true,active
https://t.me/0
https://t.me/00
https://t.me/002
https://t.me/019
https://t.me/029
https://t.me/0321
https://t.me/04cc4ef1beb1b536
https://t.me/0b9ed
https://t.me/0ger
https://t.me/0igzma
https://t.me/0ilcfli0
https://t.me/1
https://t.me/100
https://t.me/1000site
https://t.me/101reel
https://t.me/102
https://t.me/103
https://t.me/104
https://t.me/106
https://t.me/107
https://t.me/108
https://t.me/109
https://t.me/10a1fd726
https://t.me/11
https://t.me/111
https://t.me/112
https://t.me/113
https://t.me/114
https://t.me/116
https://t.me/118
https://t.me/118ejob
https://t.me/118nahal
https://t.me/119
https://t.me/120
https://t.me/121
https://t.me/122
https://t.me/123
https://t.me/124
https://t.me/125
https://t.me/126
https://t.me/127
https://t.me/12746
https://t.me/128
https://t.me/129
https://t.me/13
https://t.me/130
https://t.me/131
https://t.me/132
https://t.me/134
https://t.me/135
https://t.me/136
https://t.me/137
https://t.me/138
https://t.me/139
https://t.me/13c2c931
https://t.me/14
https://t.me/140
https://t.me/141
https://t.me/142
https://t.me/143
https://t.me/144
https://t.me/145
https://t.me/146
https://t.me/147
https://t.me/147135001195
https://t.me/147135004002
https://t.me/148
https://t.me/149
https://t.me/15
https://t.me/150
https://t.me/151
https://t.me/152
https://t.me/153
https://t.me/154
https://t.me/155
https://t.me/156
https://t.me/157
https://t.me/158
https://t.me/159
https://t.me/16
https://t.me/160
https://t.me/161
https://t.me/162
https://t.me/163
https://t.me/164
https://t.me/165
https://t.me/166
https://t.me/167
https://t.me/168
https://t.me/169
https://t.me/16927756605054
https://t.me/17
https://t.me/170
https://t.me/171
https://t.me/172
https://t.me/173
https://t.me/174
https://t.me/175
https://t.me/1750158741
https://t.me/176
https://t.me/177
https://t.me/178
https://t.me/179
https://t.me/18
https://t.me/180
https://t.me/181
https://t.me/182
https://t.me/183
https://t.me/184
https://t.me/185
https://t.me/188
https://t.me/18arcims
https://t.me/19
https://t.me/190
https://t.me/191
https://t.me/192
https://t.me/193
https://t.me/194
https://t.me/195
https://t.me/196
https://t.me/198
https://t.me/199
https://t.me/1da
https://t.me/1kdksjskskwkwodk
https://t.me/1lpxy6haqm
https://t.me/1om
https://t.me/2
https://t.me/20
https://t.me/202
https://t.me/203
https://t.me/204
https://t.me/205
https://t.me/206
https://t.me/207
https://t.me/208
https://t.me/209
https://t.me/210
https://t.me/211
https://t.me/212
https://t.me/213
https://t.me/216
https://t.me/217
https://t.me/218
https://t.me/219
https://t.me/220
https://t.me/221
https://t.me/222
https://t.me/223
https://t.me/22b
https://t.me/23
https://t.me/24lancer
https://t.me/25
https://t.me/27
https://t.me/2a6b8
https://t.me/2ad
https://t.me/2app
https://t.me/2apples
https://t.me/2topic
https://t.me/2xhotult
https://t.me/3
https://t.me/300
https://t.me/3001
https://t.me/300232332
https://t.me/3049c
https://t.me/31
https://t.me/3254
https://t.me/3347c
https://t.me/3380
https://t.me/34
https://t.me/347296211110
https://t.me/35
https://t.me/36
https://t.me/36sw
https://t.me/37
https://t.me/37050813702269272654038283817908
https://t.me/38
https://t.me/391907cc
https://t.me/3FreakConfig
https://t.me/3afcf
https://t.me/3fdd2
https://t.me/4
https://t.me/40
https://t.me/40sport
https://t.me/42
https://t.me/421
https://t.me/422
https://t.me/423
https://t.me/43
https://t.me/43b35ef5
https://t.me/43b8d
https://t.me/44
https://t.me/44kdksjskskwkwodk
https://t.me/45
https://t.me/4560c642
https://t.me/46
https://t.me/47
https://t.me/49
https://t.me/4efad
https://t.me/4kia
https://t.me/4unstopvpn
https://t.me/5
https://t.me/50
https://t.me/51
https://t.me/52
https://t.me/532d4
https://t.me/54
https://t.me/56
https://t.me/57
https://t.me/58
https://t.me/59
https://t.me/5afb0
https://t.me/5dc18
https://t.me/60
https://t.me/60GB
https://t.me/60ysrd9
https://t.me/61
https://t.me/62
https://t.me/629
https://t.me/63
https://t.me/630
https://t.me/638825998487466587
https://t.me/638930382260455538
https://t.me/638942912656604786
https://t.me/638949521660379297
https://t.me/638965946052583460
https://t.me/638975946113348099
https://t.me/64
https://t.me/65
https://t.me/66
https://t.me/67
https://t.me/68
https://t.me/69
https://t.me/69cha1
https://t.me/69d93
https://t.me/6kdksjskskwkwodk
https://t.me/6t8q56c58d
https://t.me/6unstopvpn
https://t.me/70
https://t.me/71
https://t.me/71e27
https://t.me/72
https://t.me/74
https://t.me/75
https://t.me/76
https://t.me/77
https://t.me/78
https://t.me/79
https://t.me/8
https://t.me/80
https://t.me/81
https://t.me/82
https://t.me/83
https://t.me/84
https://t.me/85
https://t.me/86
https://t.me/87
https://t.me/88
https://t.me/89
https://t.me/8c60b
https://t.me/8tv68qhq
https://t.me/90
https://t.me/9052b030
https://t.me/91
https://t.me/92
https://t.me/93
https://t.me/93343878961078676381579883502615
https://t.me/93k
https://t.me/94
https://t.me/95
https://t.me/96052821
https://t.me/96110
https://t.me/97
https://t.me/97cc76e9
https://t.me/98
https://t.me/98f4acfe
https://t.me/99
https://t.me/99tw02
https://t.me/AB_841
https://t.me/ALIILAPRO_Config
https://t.me/ALL
https://t.me/AZARBAYJAB1
https://t.me/AZARBAYJAB1_AZARBAYJAB1_AZARBAYJAB1_AZARBAYJAB1
https://t.me/Ads_Central_Net
https://t.me/Ads_Central_Netv2RayTun
https://t.me/AkbarConfig
https://t.me/Alfa_v2ray_ng
https://t.me/Alfred_Config
https://t.me/Alfred_ConfigTEL
https://t.me/AliXTso
https://t.me/AlienVPN402
https://t.me/All
https://t.me/AmiroNetwork
https://t.me/ArFilter
https://t.me/ArV2ray
https://t.me/ArV2ry
https://t.me/Arch
https://t.me/Archive_Android
https://t.me/Arfilter
https://t.me/Arpc
https://t.me/As
https://t.me/Asak_Vpn
https://t.me/AzarakhshProxy
https://t.me/Azarakhsh_Proxy
https://t.me/Azarbayja1
https://t.me/Azarbayjab1
https://t.me/BITPIN
https://t.me/B_VPN_free
https://t.me/Back
https://t.me/Biavaslim
https://t.me/Blue1
https://t.me/BlueberryNetWork
https://t.me/BugFreeNet
https://t.me/Bug_vpn
https://t.me/CF
https://t.me/CHARMInG
https://t.me/CHAtgPT
https://t.me/CONFiGLiNE
https://t.me/CUSTOMIZEV2ray
https://t.me/CUSTOMVPNSERVER
https://t.me/CaV2ray
https://t.me/Capital_NET
https://t.me/CapoitChannel
https://t.me/Cf
https://t.me/Channel
https://t.me/ChatGPT
https://t.me/Chatgpt
https://t.me/Cia
https://t.me/ComMUNaL
https://t.me/ConfigTell
https://t.me/ConfigV2RayNG
https://t.me/ConfigV2rayForFree
https://t.me/Config_Rayegan
https://t.me/Config_v2ray
https://t.me/Confingman
https://t.me/Cz
https://t.me/DHLIM0
https://t.me/Daily_Configs
https://t.me/De20
https://t.me/DeEp
https://t.me/DeamNet_Proxy
https://t.me/DigiV2ray
https://t.me/Digiv2ray
https://t.me/Dnss
https://t.me/Dot
https://t.me/ELiV2RAY
https://t.me/ELiV2Ray
https://t.me/ELiV2ray
https://t.me/EVAY_VPN
https://t.me/EXPRESSVPN_420
https://t.me/Edvard
https://t.me/Em
https://t.me/Enzewa_Network
https://t.me/Evay
https://t.me/Evay_vp
https://t.me/Evay_vpn
https://t.me/Everyday
https://t.me/Everyday_VPN
https://t.me/EzAccess1
https://t.me/Ezaccess1
https://t.me/F
https://t.me/FASTLY
https://t.me/FILTERK0SH
https://t.me/FNET00
https://t.me/FOX_VPN66
https://t.me/FOX_VPN66_GP
https://t.me/FREE2CONFIG
https://t.me/FREEV2RNG
https://t.me/FREE_VPN02
https://t.me/FREEv2RNG
https://t.me/FaStly5
https://t.me/Farah_VP
https://t.me/FarazV2ray
https://t.me/FastFreeConfig
https://t.me/FastNetTools
https://t.me/Fast_2ray_telchannelll2
https://t.me/FergalVpnMod
https://t.me/FreakConfig
https://t.me/Freakconfig136
https://t.me/Freakconfig139
https://t.me/Freakconfigs
https://t.me/Freakconfigs1
https://t.me/Freakconfigs11
https://t.me/Freakconfigs12
https://t.me/Freakconfigs13
https://t.me/Freakconfigs8
https://t.me/Freakconfigs9
https://t.me/FreeC
https://t.me/FreeOnlineVPN
https://t.me/FreeVPNHomes
https://t.me/FreeVlessVpn
https://t.me/Free_HTTPCustom
https://t.me/Free_HTTPCustum
https://t.me/Free_VPN_CH
https://t.me/FuseVPN
https://t.me/G10
https://t.me/GHALAGYANN
https://t.me/GRumpY
https://t.me/Garnet_Free
https://t.me/Ge10
https://t.me/Golestan_VPN
https://t.me/Goto
https://t.me/HABVPN
https://t.me/HTTPCustomLand
https://t.me/Hacknashid
https://t.me/Hddify
https://t.me/HiByeVPNN
https://t.me/Hope_Net
https://t.me/Hope_Netss
https://t.me/Hope_Nettrojan
https://t.me/HpV2rayNG
https://t.me/IP_CF
https://t.me/IRAN_V2RAY1
https://t.me/ISVvpn
https://t.me/Ikco
https://t.me/Imc
https://t.me/Ip
https://t.me/Iran_V2ray1
https://t.me/Irancloud
https://t.me/JOIN
https://t.me/JOKERRVPN
https://t.me/JOKERRVPNJoin_Bade_Channel
https://t.me/JavidnamanIran
https://t.me/Join
https://t.me/KAFING_2
https://t.me/KING_V2RAAY
https://t.me/KING_V2raay
https://t.me/Kayh_GNG
https://t.me/L
https://t.me/LIGHTNING6
https://t.me/L_AGVPN13
https://t.me/LegenderY_Servers
https://t.me/LiV2ray
https://t.me/Line2
https://t.me/Live
https://t.me/Ln2Ray
https://t.me/M
https://t.me/M3HDIO1
https://t.me/MARAMBASHI_MARAMBASHI_MARAMBASHI
https://t.me/MARAMBASHI_MARAMBASHI_MARAMBASHI_MARAMBASHI_MARAMBASHI
https://t.me/MEHDIO1
https://t.me/MOFT_VPN
https://t.me/MTN
https://t.me/MaSTeRSeRV
https://t.me/MaSTeRSeRVeR1
https://t.me/Magsin_Vpn
https://t.me/MainV2
https://t.me/Marisa_kristi
https://t.me/Marisa_kristifp
https://t.me/Mazne
https://t.me/Maznet
https://t.me/Mci
https://t.me/Mester_V2
https://t.me/MiTiVPN
https://t.me/MikasaVpn
https://t.me/MoftConfig
https://t.me/MoftConfigThe
https://t.me/Moft_Vpn
https://t.me/Moft_vpn
https://t.me/MorPhiNn
https://t.me/MrConfig_Channel
https://t.me/MrV2Ray
https://t.me/Mrsoulb
https://t.me/MsV2ray
https://t.me/MxlShare
https://t.me/N
https://t.me/NETMelliAnti
https://t.me/NEUROVANCE
https://t.me/NEXUPROXY
https://t.me/NIM_VPN_ir
https://t.me/NOiSEtdm
https://t.me/NUFiLTER
https://t.me/NamazVPN
https://t.me/Net
https://t.me/Net_Private
https://t.me/NetifyVPN
https://t.me/Network_442
https://t.me/NoraPingBot
https://t.me/Notif_Chat
https://t.me/Npvtunnell
https://t.me/OBEDiENT
https://t.me/OV
https://t.me/OV2
https://t.me/Outline_Vpn
https://t.me/Outline_ir
https://t.me/PARMIS
https://t.me/POLPROXY
https://t.me/PQV2RAY
https://t.me/PROXY_
https://t.me/Parspack
https://t.me/Peweza3
https://t.me/Pirimod_Nexttt
https://t.me/PlanB_Proxy
https://t.me/Platform
https://t.me/ProxiIraniii
https://t.me/ProxyPJ
https://t.me/ProxySnipe
https://t.me/ProxyVpn11
https://t.me/Proxy_sh
https://t.me/Pubgland_uc
https://t.me/Raiv2
https://t.me/Raiv2mmr
https://t.me/Rat_leak
https://t.me/RayanConf
https://t.me/Rayan_Config
https://t.me/Rose8
https://t.me/Rz
https://t.me/S1
https://t.me/S2
https://t.me/SERVER444
https://t.me/SHOPZONIX
https://t.me/SMALL
https://t.me/SOSkey
https://t.me/SOSkeyNET
https://t.me/SPEEDS_VPN
https://t.me/SR
https://t.me/STAPersiaNews
https://t.me/Selinc
https://t.me/Shadowsocks
https://t.me/ShadowsocksM
https://t.me/ShadowsocksM1vless
https://t.me/ShadowsocksM2
https://t.me/ShadowsocksM33
https://t.me/ShadowsocksM45
https://t.me/ShadowsocksM81
https://t.me/Shahbaaba
https://t.me/ShatakVPN
https://t.me/SheriffNet
https://t.me/Shh_Proxy
https://t.me/Si
https://t.me/SiNABiGO
https://t.me/SiNAVM
https://t.me/Skyportall
https://t.me/SnaPp
https://t.me/Snapp
https://t.me/Sobi_V
https://t.me/Sobi_Vpn
https://t.me/SolVPN
https://t.me/Spdnet
https://t.me/SpeeDTeST
https://t.me/Speedtest
https://t.me/SpringHQ
https://t.me/SryLove
https://t.me/Surfbo
https://t.me/Surfboa
https://t.me/Svir1
https://t.me/SvnTeam
https://t.me/T
https://t.me/TLS
https://t.me/TLS_v2ray
https://t.me/Tapsi
https://t.me/Telegram
https://t.me/TinyVpn
https://t.me/Tiny_VPN_Official
https://t.me/Tiny_VPN_Officialvless
https://t.me/Titan_V2rayVPN
https://t.me/ToYoTA_PRoXY
https://t.me/Trick_mobil
https://t.me/Ttt
https://t.me/TuV2ray
https://t.me/Tunder_vpn
https://t.me/Tunder_vpnhttps
https://t.me/Tunder_vpnss
https://t.me/TunizoNET
https://t.me/UCIRANIR
https://t.me/UK
https://t.me/UU10n
https://t.me/Unlimited
https://t.me/UnlimitedDev
https://t.me/V2
https://t.me/V2NET_IRAN
https://t.me/V2NOT
https://t.me/V2RAYROZ
https://t.me/V2RIRAN
https://t.me/V2RayOxygen
https://t.me/V2RayTz
https://t.me/V2Ray_Rolly
https://t.me/V2RayyNGvpn
https://t.me/V2TEAM
https://t.me/V2VIPCHANNEL
https://t.me/V2WRAY
https://t.me/V2ngFast
https://t.me/V2ray1ran2
https://t.me/V2rayAccess
https://t.me/V2rayAlpha
https://t.me/V2rayAmirh
https://t.me/V2rayArgoN
https://t.me/V2rayBaaz
https://t.me/V2rayBaaz_V2rayBaaz_V2rayBaaz_V2rayBaaz_V2rayBaaz_V2rayBaaz_V2rayBaaz_V2rayBaaz_V2rayBaaz_V2rayBaaz_V2rayBaaz_V2rayBaaz_V2rayBaaz_V2rayBaaz_V2rayBaaz_V2rayBaaz_V2rayBaaz_V2rayBaaz_V2rayBaaz_V2rayBaaz_V2rayBaaz_V2rayBaaz_V2rayBaaz_V2rayBaaz
https://t.me/V2rayBaz
https://t.me/V2rayGodVip
https://t.me/V2rayMiner
https://t.me/V2rayNG3
https://t.me/V2rayNG_SPDNet
https://t.me/V2rayNGcloud
https://t.me/V2raySeven
https://t.me/V2rayTEL
https://t.me/V2rayZs
https://t.me/V2ray_Custom
https://t.me/V2ray_NG
https://t.me/V2ray_alpha
https://t.me/V2ray_confiig
https://t.me/V2ray_confing33
https://t.me/V2ray_official
https://t.me/V2rayi_
https://t.me/V2rayweb
https://t.me/V2riraN
https://t.me/V2ry_Proxy
https://t.me/V2ynpv
https://t.me/VARZESH3
https://t.me/VIPV2rayNGNP
https://t.me/VIPro
https://t.me/VIProxys
https://t.me/VIProxystrojan
https://t.me/VKJi7
https://t.me/VMESS_RAY
https://t.me/VPN707
https://t.me/VPNAZADIE
https://t.me/VPNAzadiOfficiali
https://t.me/VPNCONECTD
https://t.me/VPNCONECTDTELEGRAM
https://t.me/VPNCUSTOMIZE
https://t.me/VPNCUSTOMIZE2
https://t.me/VPNHTTPInjectorfree
https://t.me/VPNHubMaRKeT
https://t.me/VPNTwitt
https://t.me/VPN_ROOM
https://t.me/VPN_VIP_NOR
https://t.me/VPNshop666
https://t.me/VRayyNGvpn
https://t.me/V_2rayngVpn
https://t.me/VaslMishi
https://t.me/Vi
https://t.me/ViPVpn_v2ray
https://t.me/ViV2ray
https://t.me/VilniusVPN
https://t.me/Vip_Price_List
https://t.me/Vip_Sec
https://t.me/Vip_Security
https://t.me/ViraPN
https://t.me/ViraV2ray
https://t.me/Viscaria2
https://t.me/VmessProtocol
https://t.me/Vmesskhodam
https://t.me/Vpn_Mikey
https://t.me/Vpn_jet7
https://t.me/Vpney
https://t.me/Vpnmasi
https://t.me/WEDBAZTEL
https://t.me/WLF
https://t.me/WWW
https://t.me/WangCai2
https://t.me/WangCai2flow
https://t.me/WedBaZTel
https://t.me/WedBaZtel
https://t.me/Wedbaz
https://t.me/WireXnet
https://t.me/WwW
https://t.me/Www
https://t.me/XNXV2RAY
https://t.me/XpnTeam
https://t.me/XsV2ray
https://t.me/XvProxy
https://t.me/YamYamProxy_YamYamProxy_YamYamProxy_YamYamProxy_YamYamProxy
https://t.me/YtTe3la
https://t.me/Ytte3la
https://t.me/ZEDMODEON
https://t.me/ZHW_X_CL
https://t.me/Zede_filteri
https://t.me/Zmaoz
https://t.me/Zula
https://t.me/a
https://t.me/a03
https://t.me/a1
https://t.me/a10
https://t.me/a15
https://t.me/a4b0e
https://t.me/aa01gg
https://t.me/aafrtpfxr
https://t.me/abaidusb5
https://t.me/abdzgg
https://t.me/abr
https://t.me/acc
https://t.me/accolade
https://t.me/account
https://t.me/activeservice
https://t.me/acv
https://t.me/ada57
https://t.me/ada7
https://t.me/addlist
https://t.me/adf
https://t.me/adler
https://t.me/admin
https://t.me/admins
https://t.me/ae
https://t.me/afk
https://t.me/afranlo
https://t.me/afrcloud22
https://t.me/afrcloud4
https://t.me/africa
https://t.me/afv2ray
https://t.me/agoogleyun3
https://t.me/aio
https://t.me/air
https://t.me/airia
https://t.me/ak1071
https://t.me/ak1083
https://t.me/ak1646
https://t.me/ak1666
https://t.me/ak1667
https://t.me/ak1668
https://t.me/ak1669
https://t.me/ak1670
https://t.me/ak1671
https://t.me/ak1672
https://t.me/ak1673
https://t.me/ak1732
https://t.me/ak1840
https://t.me/ak2
https://t.me/al
https://t.me/alaedin
https://t.me/alfa_v2ray_ng
https://t.me/alibaba1
https://t.me/all
https://t.me/all1
https://t.me/allll
https://t.me/allowed
https://t.me/allproconf
https://t.me/allsms
https://t.me/alman2
https://t.me/alman7
https://t.me/almas4
https://t.me/alpha_v2ray_fazayi
https://t.me/am288
https://t.me/amanm
https://t.me/amazon
https://t.me/amin
https://t.me/amir
https://t.me/amo
https://t.me/ample
https://t.me/amrika1
https://t.me/analytics
https://t.me/andrewlend
https://t.me/androidauthority
https://t.me/another
https://t.me/anten
https://t.me/ap
https://t.me/aparatrat1
https://t.me/api
https://t.me/api5
https://t.me/app
https://t.me/app_bedal
https://t.me/applegallery
https://t.me/ar
https://t.me/arad
https://t.me/arshia_mod_fun
https://t.me/arshiacomplus
https://t.me/artemis
https://t.me/arusi
https://t.me/arvancloud
https://t.me/arvind
https://t.me/arx
https://t.me/arxfw2b78fi2q9hzylhn
https://t.me/arzdigital
https://t.me/asia1
https://t.me/at1
https://t.me/aturka
https://t.me/au
https://t.me/auth
https://t.me/auto
https://t.me/autotrader
https://t.me/av
https://t.me/av2ngFast
https://t.me/ava
https://t.me/avval
https://t.me/awlix_ir
https://t.me/aws
https://t.me/awsjp14
https://t.me/azad
https://t.me/azadnett1
https://t.me/azarakhsh_proxy
https://t.me/azarbayjab1
https://t.me/azgy001
https://t.me/b
https://t.me/b0196
https://t.me/b11
https://t.me/b2n
https://t.me/b32
https://t.me/b33
https://t.me/b34
https://t.me/b9a88fb8
https://t.me/ba292
https://t.me/bakrie
https://t.me/bangalore
https://t.me/bbbnmjki
https://t.me/beLoveD
https://t.me/beeconf
https://t.me/beedoost
https://t.me/beepassvpn_bot
https://t.me/beesyar
https://t.me/belnn
https://t.me/beloved
https://t.me/bes
https://t.me/best
https://t.me/best1
https://t.me/best17
https://t.me/bestcf
https://t.me/bestco
https://t.me/beta_v2ray
https://t.me/betty
https://t.me/bewildered
https://t.me/bf455
https://t.me/bfbg
https://t.me/bg
https://t.me/bg1
https://t.me/bgp1
https://t.me/bia
https://t.me/bia2
https://t.me/bia_to_vmessorg
https://t.me/bitbolajepe
https://t.me/bitpay
https://t.me/blog
https://t.me/blueivy
https://t.me/bnhhy
https://t.me/bonefletcher
https://t.me/bouquetberlin
https://t.me/bpb
https://t.me/br09
https://t.me/brainY
https://t.me/brainy
https://t.me/braskivo
https://t.me/braze
https://t.me/brenna
https://t.me/brilliant
https://t.me/broad
https://t.me/broodmother
https://t.me/bshs
https://t.me/bsuqian01
https://t.me/bufa
https://t.me/bungle
https://t.me/bwdraper
https://t.me/byebye
https://t.me/byiroh
https://t.me/bypass_filter
https://t.me/bz
https://t.me/c
https://t.me/c0a2c
https://t.me/c1
https://t.me/c2
https://t.me/c3viip
https://t.me/c4
https://t.me/c6
https://t.me/c7937
https://t.me/ca
https://t.me/ca1
https://t.me/ca225
https://t.me/cache
https://t.me/camp
https://t.me/careful
https://t.me/caring
https://t.me/cat1
https://t.me/catnet3
https://t.me/cb
https://t.me/cb6
https://t.me/cccvbgt6
https://t.me/ccfr1
https://t.me/cd
https://t.me/cdir
https://t.me/cdn
https://t.me/cdn09
https://t.me/cdn1
https://t.me/cdn2
https://t.me/cdn3
https://t.me/cdnfire
https://t.me/cdnjs
https://t.me/cdntr213
https://t.me/cellulite
https://t.me/cert
https://t.me/cf
https://t.me/cf1
https://t.me/cf3
https://t.me/cfclu2
https://t.me/cg1c15
https://t.me/ch
https://t.me/ch1
https://t.me/ch2
https://t.me/change
https://t.me/channel
https://t.me/chat
https://t.me/chatbuzzteam
https://t.me/chatbuzzteambhm
https://t.me/chatbuzzteamfrance
https://t.me/chatgpt
https://t.me/check
https://t.me/chi
https://t.me/chillguy_vpn
https://t.me/chiyu
https://t.me/chthxyz
https://t.me/ciallo
https://t.me/cid
https://t.me/cis
https://t.me/city
https://t.me/ckkp
https://t.me/cl
https://t.me/cld2
https://t.me/clean1
https://t.me/clfconnect
https://t.me/cli
https://t.me/cloud
https://t.me/cloud3
https://t.me/cloud4
https://t.me/cloudflare
https://t.me/cloudgetservice
https://t.me/cloudinohost
https://t.me/cluster
https://t.me/clyde
https://t.me/cn
https://t.me/cn01
https://t.me/cnamepc
https://t.me/codepen
https://t.me/comando
https://t.me/community
https://t.me/config_v2rayy
https://t.me/configforVPN
https://t.me/configraygan
https://t.me/connect
https://t.me/connected5
https://t.me/content
https://t.me/core
https://t.me/core2
https://t.me/cos
https://t.me/cosmin
https://t.me/cptxvonm2
https://t.me/creativE
https://t.me/creativecommons
https://t.me/crispy
https://t.me/csgo
https://t.me/custom_config
https://t.me/customers
https://t.me/cvvmtfin
https://t.me/cxc
https://t.me/cxp2
https://t.me/d1
https://t.me/d9425
https://t.me/daeixtesla
https://t.me/daily_configs
https://t.me/damien
https://t.me/darkshop
https://t.me/dash
https://t.me/data
https://t.me/dataedge2
https://t.me/db
https://t.me/dd
https://t.me/de
https://t.me/de01
https://t.me/de1
https://t.me/de2
https://t.me/de20
https://t.me/de3
https://t.me/de7
https://t.me/deep
https://t.me/deepf
https://t.me/delicate
https://t.me/demo
https://t.me/denizvps
https://t.me/desrv
https://t.me/deu246
https://t.me/developers
https://t.me/df
https://t.me/df542
https://t.me/digipay
https://t.me/digitalocean
https://t.me/digiv2ray
https://t.me/direct
https://t.me/discord
https://t.me/djangoproject
https://t.me/dkstatics
https://t.me/dl
https://t.me/dl1
https://t.me/dl2
https://t.me/dl3
https://t.me/dl6
https://t.me/dlc
https://t.me/dns
https://t.me/dns1
https://t.me/dns3
https://t.me/dnschecker
https://t.me/domain
https://t.me/domaina
https://t.me/dongjing4
https://t.me/dorsia
https://t.me/download
https://t.me/dqf21
https://t.me/drop3
https://t.me/dsafqsa321f
https://t.me/dubai
https://t.me/duke
https://t.me/dverso
https://t.me/e2d10
https://t.me/e357d4d5
https://t.me/e8868
https://t.me/earthshaker
https://t.me/ebooking
https://t.me/ec72
https://t.me/ec76
https://t.me/eco
https://t.me/economist
https://t.me/edt
https://t.me/edtunnel
https://t.me/ee
https://t.me/eer
https://t.me/ek742h5pq3
https://t.me/elliot
https://t.me/em
https://t.me/emergency
https://t.me/emergency2
https://t.me/emergency3
https://t.me/emg4
https://t.me/emg5
https://t.me/emg6
https://t.me/en
https://t.me/engaged
https://t.me/enhanced
https://t.me/entekhabat
https://t.me/ercf
https://t.me/ergwork
https://t.me/erin
https://t.me/ert
https://t.me/esfahan
https://t.me/esmaelix
https://t.me/exchange
https://t.me/exclavevirtualvless
https://t.me/exhifood
https://t.me/ez
https://t.me/ezterar
https://t.me/f
https://t.me/f1
https://t.me/f2
https://t.me/f3
https://t.me/f41
https://t.me/faMous
https://t.me/faculty
https://t.me/failvpn_bot
https://t.me/fans2
https://t.me/farzandeiran
https://t.me/fast
https://t.me/fast1
https://t.me/fast2
https://t.me/fast_2ray
https://t.me/fast_2ray_telchannelll
https://t.me/fast_2ray_telchannelll2
https://t.me/fastcon
https://t.me/fastly
https://t.me/fastly3
https://t.me/fastlyipcloudflaretamiz
https://t.me/fbi
https://t.me/fbi11
https://t.me/fc
https://t.me/fdcservers
https://t.me/feArLESS
https://t.me/fearless
https://t.me/ff_kikor
https://t.me/fflved5b71of0dhntg2ier40sswwuydkqf
https://t.me/fhcarm1
https://t.me/fhcarm2
https://t.me/fi
https://t.me/fi1
https://t.me/fi1server
https://t.me/fi2
https://t.me/fierce
https://t.me/fin
https://t.me/firan
https://t.me/fishlab
https://t.me/fit
https://t.me/fl
https://t.me/fluent
https://t.me/flymg
https://t.me/fn
https://t.me/fn22
https://t.me/fonts
https://t.me/footlo
https://t.me/for
https://t.me/forward3
https://t.me/fox3
https://t.me/foxnim
https://t.me/foxray
https://t.me/fr
https://t.me/fr01
https://t.me/fr1
https://t.me/fr2
https://t.me/fra
https://t.me/fran
https://t.me/france
https://t.me/franklinandwillow
https://t.me/fre
https://t.me/freak
https://t.me/freakconfig
https://t.me/freakconfig105
https://t.me/freakconfig106
https://t.me/freakconfig109
https://t.me/freakconfig110
https://t.me/freakconfig111
https://t.me/freakconfig112
https://t.me/freakconfig113
https://t.me/freakconfig114
https://t.me/freakconfig117
https://t.me/freakconfig118
https://t.me/freakconfig119
https://t.me/freakconfig120
https://t.me/freakconfig121
https://t.me/freakconfig122
https://t.me/freakconfig127
https://t.me/freakconfig129
https://t.me/freakconfig13
https://t.me/freakconfig133
https://t.me/freakconfig24
https://t.me/freakconfig60
https://t.me/freakconfig76
https://t.me/freakconfig84
https://t.me/freakconfig85
https://t.me/freakconfig86
https://t.me/freakconfig99
https://t.me/freakconfigs10
https://t.me/freakconfigs11
https://t.me/freakconfigs13
https://t.me/freakconfigs5
https://t.me/freakconfigs6
https://t.me/freakconfigs7
https://t.me/freakconfigs8
https://t.me/freakconfigs9
https://t.me/freakconfigz10
https://t.me/freakconfigz11
https://t.me/freakconfigz5
https://t.me/freakconfigz6
https://t.me/freakconfigz7
https://t.me/freakconfigz8
https://t.me/freakconfigz9
https://t.me/free
https://t.me/free1
https://t.me/free116
https://t.me/freeOnlineVPN
https://t.me/free_v2rayyy
https://t.me/freea
https://t.me/freedom
https://t.me/freesaqqanet
https://t.me/freev2ray
https://t.me/freevpn
https://t.me/freexxx
https://t.me/freeyx
https://t.me/frontend
https://t.me/frr
https://t.me/fruitful
https://t.me/ftp
https://t.me/funnelytics
https://t.me/fzx
https://t.me/g1
https://t.me/g34
https://t.me/g4vpnx
https://t.me/game
https://t.me/gamix
https://t.me/gateway
https://t.me/gavazn
https://t.me/gb
https://t.me/gb1
https://t.me/gdgs
https://t.me/ge
https://t.me/gen
https://t.me/ger
https://t.me/ger1bot
https://t.me/ger4
https://t.me/gerfan
https://t.me/german
https://t.me/germany
https://t.me/germany1
https://t.me/gertu
https://t.me/get
https://t.me/gfnfhyhttgbrtgbrtgbrtttyht7
https://t.me/ghalagyann5
https://t.me/ghalagyannsocks
https://t.me/gift
https://t.me/gilan
https://t.me/github
https://t.me/glEefUL
https://t.me/glassdoor
https://t.me/glob
https://t.me/glowing
https://t.me/gm
https://t.me/go
https://t.me/gold
https://t.me/goodfamily8
https://t.me/google
https://t.me/gquuangc27
https://t.me/gr
https://t.me/gr1
https://t.me/grabcad
https://t.me/green2
https://t.me/greenwolf
https://t.me/grinoree
https://t.me/grok
https://t.me/grounded
https://t.me/grumpy
https://t.me/gysz0000
https://t.me/h1
https://t.me/h110vpnch
https://t.me/h110vpntr
https://t.me/h5
https://t.me/hackney
https://t.me/haji
https://t.me/hajlab
https://t.me/hamedp71_
https://t.me/hamedp71_vless
https://t.me/hamrahavval
https://t.me/hamrahiran
https://t.me/handSoME
https://t.me/handsome
https://t.me/he
https://t.me/help
https://t.me/hi
https://t.me/hibbb
https://t.me/hibooking24
https://t.me/hidd2
https://t.me/hidden
https://t.me/hield
https://t.me/hk
https://t.me/hk01
https://t.me/hk2
https://t.me/hk27
https://t.me/hkg01
https://t.me/hkt
https://t.me/hkt1
https://t.me/hl
https://t.me/hl1
https://t.me/hm2legenderyservers
https://t.me/hmrah
https://t.me/hmt
https://t.me/hn
https://t.me/hnm
https://t.me/holkanas
https://t.me/holze
https://t.me/home
https://t.me/homestead
https://t.me/honare2
https://t.me/hongkongairport
https://t.me/host
https://t.me/hostone
https://t.me/htb
https://t.me/hubspot
https://t.me/hunter
https://t.me/hwhk
https://t.me/hy2
https://t.me/hybrid
https://t.me/hyfuuf6
https://t.me/i
https://t.me/i1
https://t.me/i2
https://t.me/i25
https://t.me/i6
https://t.me/iMrV2ray
https://t.me/iP
https://t.me/iRan
https://t.me/iar
https://t.me/icloud
https://t.me/icook
https://t.me/icv2
https://t.me/id
https://t.me/idt1
https://t.me/ignacio
https://t.me/ilta
https://t.me/imSirTe3la
https://t.me/image
https://t.me/iman
https://t.me/imc
https://t.me/in
https://t.me/indecentral
https://t.me/index
https://t.me/insaneguo2333
https://t.me/inspired
https://t.me/ip
https://t.me/ip2
https://t.me/ip3
https://t.me/ip4
https://t.me/ipV2Ray
https://t.me/ipbaz
https://t.me/ipcloudflaretamiz
https://t.me/iplc
https://t.me/iplcsg1
https://t.me/ipo
https://t.me/ippscan2
https://t.me/ipw
https://t.me/ir
https://t.me/ir01
https://t.me/ir1
https://t.me/ir1076
https://t.me/ir2
https://t.me/ir22
https://t.me/ir894ag1733r
https://t.me/ir_IRANy
https://t.me/iran
https://t.me/irancell
https://t.me/irancell2
https://t.me/irancn
https://t.me/iranfreedom
https://t.me/irankamk
https://t.me/iranserver
https://t.me/irc
https://t.me/irconfiig
https://t.me/irgfw
https://t.me/iri
https://t.me/irmeliy
https://t.me/irn
https://t.me/irov2rayN
https://t.me/it01
https://t.me/italy
https://t.me/ite
https://t.me/iup
https://t.me/iv
https://t.me/ja
https://t.me/ja1
https://t.me/japan
https://t.me/java
https://t.me/javid
https://t.me/jd100
https://t.me/jet
https://t.me/jet_config
https://t.me/jetupnet
https://t.me/jgwcc1
https://t.me/jgwhdlb2
https://t.me/jkdsafksuefh
https://t.me/jobscareerfortoday
https://t.me/jobset
https://t.me/join
https://t.me/joinmahdiserver
https://t.me/joje
https://t.me/jp
https://t.me/jp005
https://t.me/jp01
https://t.me/jp01a
https://t.me/jp07a
https://t.me/jp1
https://t.me/jp2
https://t.me/jp3
https://t.me/jquery
https://t.me/jseyu
https://t.me/jx4wv3
https://t.me/kafshu
https://t.me/kaikaixinxin
https://t.me/kaizen
https://t.me/kakajan
https://t.me/kala
https://t.me/kalaauto
https://t.me/kanal
https://t.me/kazakhstan21
https://t.me/kazakhstan25
https://t.me/kfjdi
https://t.me/khan10
https://t.me/khan22
https://t.me/ki90
https://t.me/kiekiedarr1
https://t.me/kifpool
https://t.me/kind
https://t.me/king_ariamehr
https://t.me/king_ariamehrTel
https://t.me/kinsta
https://t.me/kip
https://t.me/kr
https://t.me/kraken
https://t.me/kraz01
https://t.me/krew
https://t.me/kuame
https://t.me/kubectl
https://t.me/kubernetes
https://t.me/kueue
https://t.me/kustomize
https://t.me/kwok
https://t.me/kz
https://t.me/kz01
https://t.me/l7
https://t.me/labeller
https://t.me/laravel
https://t.me/lc7
https://t.me/ldu
https://t.me/legend
https://t.me/letsencrypt
https://t.me/liad
https://t.me/library98
https://t.me/lifestealer
https://t.me/lightning2025
https://t.me/lightning6
https://t.me/line2
https://t.me/link
https://t.me/linux
https://t.me/lion
https://t.me/live
https://t.me/llloooiu
https://t.me/loatl
https://t.me/loatvpn
https://t.me/lord
https://t.me/lqoo
https://t.me/lu1vip
https://t.me/lvcdn4
https://t.me/lynn
https://t.me/m
https://t.me/m33a
https://t.me/macwinappchat
https://t.me/magazine
https://t.me/magical
https://t.me/mahdi
https://t.me/mahsaamoon1
https://t.me/mahsang
https://t.me/mail
https://t.me/mainv2ray
https://t.me/mangu1
https://t.me/mapi
https://t.me/masterserver1
https://t.me/masting
https://t.me/masumehkachal
https://t.me/maxa06
https://t.me/maxb08
https://t.me/maxb17
https://t.me/mc
https://t.me/mcThEeNd
https://t.me/mci
https://t.me/mci1
https://t.me/mcloud
https://t.me/md1
https://t.me/medium
https://t.me/meeeliii
https://t.me/mehrosaboran
https://t.me/meli2
https://t.me/meli_pro
https://t.me/meli_proxyy
https://t.me/melli
https://t.me/melov2ray
https://t.me/meow
https://t.me/meti
https://t.me/mfa
https://t.me/mh52M5fSx0
https://t.me/mhgi
https://t.me/mhsenivxx
https://t.me/midorinote
https://t.me/mikk
https://t.me/miles
https://t.me/miller
https://t.me/milli
https://t.me/minikube
https://t.me/mizafra
https://t.me/mizanet
https://t.me/ml
https://t.me/mlh
https://t.me/mmd
https://t.me/mobinhost
https://t.me/mochi
https://t.me/modern
https://t.me/monacoVPN
https://t.me/moody
https://t.me/mori90
https://t.me/mp9
https://t.me/mpc
https://t.me/mrvip
https://t.me/mskhost
https://t.me/mstr
https://t.me/msv2raynp
https://t.me/msv2raynphttps
https://t.me/mtn
https://t.me/mtn2
https://t.me/mw2
https://t.me/mw7
https://t.me/mx2
https://t.me/my
https://t.me/my02
https://t.me/my12
https://t.me/myanmar
https://t.me/mybb
https://t.me/mynyr
https://t.me/mz
https://t.me/n
https://t.me/n1761184273
https://t.me/n1761214908
https://t.me/n1761214911
https://t.me/n1761296880
https://t.me/n2vpn
https://t.me/n4
https://t.me/nArrow
https://t.me/naiu
https://t.me/narrow
https://t.me/nbmrcg0034686rw
https://t.me/ncmrcg000139ss7
https://t.me/nearoute
https://t.me/nekopingbot
https://t.me/net2025
https://t.me/netcupus
https://t.me/netherland
https://t.me/nethgtun
https://t.me/networld_vpn
https://t.me/new
https://t.me/news
https://t.me/newsr
https://t.me/newstwo5
https://t.me/nexiabx
https://t.me/nexiadg
https://t.me/nexiaels
https://t.me/nexiahg
https://t.me/nexiahl
https://t.me/nexiamg
https://t.me/nexiarb
https://t.me/nexiateq
https://t.me/nexiaxg
https://t.me/nexiayg
https://t.me/nexir
https://t.me/nexload
https://t.me/nexo
https://t.me/nextjs
https://t.me/ni
https://t.me/nika
https://t.me/nim
https://t.me/nimbaha
https://t.me/nkang2replace
https://t.me/nl
https://t.me/nl03
https://t.me/nl08
https://t.me/nl1
https://t.me/nl2
https://t.me/nljs
https://t.me/nnctwclyx
https://t.me/nnet
https://t.me/nobitex
https://t.me/nod2
https://t.me/nod6
https://t.me/nodc
https://t.me/node
https://t.me/nodejs
https://t.me/norman
https://t.me/npmjs
https://t.me/ns
https://t.me/ns1
https://t.me/ns6
https://t.me/nufilter
https://t.me/null
https://t.me/nullnetwork
https://t.me/nv73
https://t.me/nwugrmnene
https://t.me/obedient
https://t.me/official
https://t.me/oliver
https://t.me/one
https://t.me/one_shop_official
https://t.me/online
https://t.me/oodplkgju
https://t.me/oorg_ar
https://t.me/op
https://t.me/openai
https://t.me/opizo
https://t.me/orhan22967643a
https://t.me/osanchi
https://t.me/oss
https://t.me/out
https://t.me/out2
https://t.me/outgoing
https://t.me/outoutline1
https://t.me/outshop
https://t.me/ov
https://t.me/overvpn
https://t.me/ovhwuxian
https://t.me/ovpn
https://t.me/owl
https://t.me/owner_servic
https://t.me/owner_servic__
https://t.me/owner_servic__________________________________
https://t.me/ozvg
https://t.me/p1
https://t.me/p141
https://t.me/p199
https://t.me/p1ldar
https://t.me/p2
https://t.me/p221
https://t.me/p4
https://t.me/pPal03
https://t.me/packetnet
https://t.me/pandavpntc
https://t.me/panel
https://t.me/panel2
https://t.me/pardazeshvpn
https://t.me/pari
https://t.me/parsa
https://t.me/parsaprivae
https://t.me/partner
https://t.me/passconf
https://t.me/passer04
https://t.me/pconf
https://t.me/persvpn
https://t.me/peweza1
https://t.me/peweza2
https://t.me/pg
https://t.me/ph1
https://t.me/ping
https://t.me/pishgam
https://t.me/pishj
https://t.me/pivaz
https://t.me/pj
https://t.me/pl
https://t.me/pl01
https://t.me/pl04
https://t.me/pl74
https://t.me/platform
https://t.me/play
https://t.me/plcdn23
https://t.me/pls
https://t.me/poe
https://t.me/poke
https://t.me/pol
https://t.me/poli
https://t.me/poloniex
https://t.me/polproxy
https://t.me/pop
https://t.me/portal
https://t.me/porttt4
https://t.me/powerfull
https://t.me/powerro
https://t.me/pq
https://t.me/pqh18v7
https://t.me/pqh23v4
https://t.me/pqh25v7
https://t.me/pqh27v4
https://t.me/pqh27v8
https://t.me/pqh29v3
https://t.me/pqh29v4
https://t.me/pqh30v5
https://t.me/pr
https://t.me/pranab
https://t.me/pressbrains
https://t.me/prime
https://t.me/privasi
https://t.me/pro
https://t.me/pro2
https://t.me/proSSH
https://t.me/prod6
https://t.me/promo18v
https://t.me/promo1o
https://t.me/promo6v
https://t.me/proxy
https://t.me/proxyforopeta
https://t.me/prteam
https://t.me/psycho
https://t.me/psychologist
https://t.me/pt
https://t.me/public15v7
https://t.me/public18v7
https://t.me/puni_shop_v2rayNG
https://t.me/pupas
https://t.me/pwa
https://t.me/pypi
https://t.me/q
https://t.me/qh62onjn
https://t.me/quarenty
https://t.me/r
https://t.me/r1
https://t.me/r3mrcg0011499tl
https://t.me/r3mrcg001269pz2
https://t.me/r3mrcg001286ek2
https://t.me/r3mrcg001287h3p
https://t.me/r3mrcg00129437x
https://t.me/r3mrcg007117fb8
https://t.me/r3mrcg007134n4g
https://t.me/r3mrcg007147vhp
https://t.me/rabbit
https://t.me/raeesfolnoh
https://t.me/react
https://t.me/readyidc
https://t.me/real
https://t.me/record
https://t.me/red
https://t.me/redbrain
https://t.me/researchgate
https://t.me/reserved
https://t.me/restless
https://t.me/retete
https://t.me/ri3_ch
https://t.me/ripaojiedian
https://t.me/rk4no3
https://t.me/rkjpanel
https://t.me/rocket
https://t.me/root
https://t.me/rplcehdfy3
https://t.me/ru
https://t.me/ru1
https://t.me/runner
https://t.me/russia
https://t.me/russia7
https://t.me/rustam
https://t.me/s1
https://t.me/s10
https://t.me/s106
https://t.me/s11
https://t.me/s12
https://t.me/s13
https://t.me/s14
https://t.me/s15
https://t.me/s17
https://t.me/s18
https://t.me/s19
https://t.me/s2
https://t.me/s20
https://t.me/s21
https://t.me/s23
https://t.me/s25
https://t.me/s26
https://t.me/s3
https://t.me/s31629
https://t.me/s4
https://t.me/s5
https://t.me/s5op
https://t.me/s8
https://t.me/s9
https://t.me/saas
https://t.me/sage
https://t.me/salamirani2
https://t.me/samakosh
https://t.me/sasaki
https://t.me/sc
https://t.me/scheduler
https://t.me/scloud28
https://t.me/scloud51
https://t.me/scorpion1
https://t.me/sd2
https://t.me/sea
https://t.me/seashell
https://t.me/secrets
https://t.me/sell_vipvpn
https://t.me/sensible
https://t.me/senuzergroup
https://t.me/series
https://t.me/serv4
https://t.me/server
https://t.me/server01012
https://t.me/server1
https://t.me/server15
https://t.me/server18477021984150715
https://t.me/server2
https://t.me/serverpars
https://t.me/service
https://t.me/servpn
https://t.me/servrbot
https://t.me/set
https://t.me/sg
https://t.me/sg01
https://t.me/sg05
https://t.me/sg1
https://t.me/sg2
https://t.me/sg6
https://t.me/sgt3
https://t.me/sha
https://t.me/shade
https://t.me/shadowlinkserverr
https://t.me/shadowlinkserverrvless
https://t.me/shaliest
https://t.me/shaparak
https://t.me/shatak
https://t.me/shenzhou02
https://t.me/shenzhou05
https://t.me/shhproxy
https://t.me/shiatv
https://t.me/shivatech
https://t.me/shop
https://t.me/shop2
https://t.me/shopify
https://t.me/sibstar1
https://t.me/silver
https://t.me/silverzebra
https://t.me/simcard
https://t.me/simpang
https://t.me/simurgh
https://t.me/sin
https://t.me/singapore
https://t.me/sir
https://t.me/sk01
https://t.me/sky
https://t.me/skyportall
https://t.me/slur
https://t.me/sml
https://t.me/sn434
https://t.me/snapp
https://t.me/snappfood
https://t.me/socks5tobefree
https://t.me/softuser
https://t.me/sos
https://t.me/sos2
https://t.me/sourceforge
https://t.me/sp1
https://t.me/space
https://t.me/spb
https://t.me/spd
https://t.me/spdnet
https://t.me/speed
https://t.me/speedtest
https://t.me/speedy
https://t.me/spikevpn
https://t.me/sport
https://t.me/sr
https://t.me/srfremehdi
https://t.me/srv
https://t.me/srv1
https://t.me/srv11
https://t.me/srv16
https://t.me/srv2
https://t.me/srvfree
https://t.me/ss
https://t.me/ss3
https://t.me/st
https://t.me/st3
https://t.me/staging
https://t.me/star
https://t.me/star500
https://t.me/start
https://t.me/starv1
https://t.me/statue
https://t.me/sto3
https://t.me/stonebreak
https://t.me/str
https://t.me/sub
https://t.me/sunny
https://t.me/support
https://t.me/sv1
https://t.me/sv1n
https://t.me/sv2
https://t.me/sv22
https://t.me/sv2f
https://t.me/sv2n
https://t.me/sv3n
https://t.me/sv4n
https://t.me/sv5
https://t.me/swe2
https://t.me/swed
https://t.me/sweeT
https://t.me/switcher
https://t.me/switzeil
https://t.me/switzerland
https://t.me/syd5
https://t.me/szf02
https://t.me/t1
https://t.me/t3
https://t.me/taktun1
https://t.me/tamam
https://t.me/taparctf
https://t.me/tbankru
https://t.me/tehron98
https://t.me/telegram
https://t.me/tere
https://t.me/termux
https://t.me/tes1
https://t.me/test
https://t.me/test123
https://t.me/testprojects
https://t.me/tgju
https://t.me/tgunivstar
https://t.me/th
https://t.me/thaddeus
https://t.me/thany
https://t.me/theo
https://t.me/therealaleph
https://t.me/thorianite
https://t.me/ti3hyra4
https://t.me/time
https://t.me/tinkered
https://t.me/titan
https://t.me/tj2
https://t.me/tk
https://t.me/tlsm36
https://t.me/tnl1
https://t.me/tnl2
https://t.me/tnl4
https://t.me/tor5
https://t.me/tormentedsoul
https://t.me/toy4lkdzy0c
https://t.me/tr
https://t.me/tr01
https://t.me/tr1
https://t.me/tr2
https://t.me/trafr1
https://t.me/transferwise
https://t.me/tratw1
https://t.me/trex
https://t.me/trny
https://t.me/trojan
https://t.me/trojannmfan7
https://t.me/tronblue
https://t.me/trs12
https://t.me/trs16
https://t.me/trt
https://t.me/tt
https://t.me/tt1
https://t.me/tu5
https://t.me/tun
https://t.me/tun1
https://t.me/tunel
https://t.me/tunell
https://t.me/tunn
https://t.me/tunnel
https://t.me/turbo
https://t.me/turkey
https://t.me/turkycf
https://t.me/tuskar
https://t.me/tw
https://t.me/ty11t
https://t.me/ty13
https://t.me/ty14
https://t.me/ty15
https://t.me/uae
https://t.me/ubu
https://t.me/uciran
https://t.me/udemy
https://t.me/uk
https://t.me/uk1
https://t.me/ukt1
https://t.me/ul
https://t.me/univstar
https://t.me/unlimiteddev
https://t.me/unlimitedev
https://t.me/unlk2
https://t.me/unpkg
https://t.me/unvisible_drops
https://t.me/up
https://t.me/ursa
https://t.me/us
https://t.me/us01
https://t.me/us02
https://t.me/us08
https://t.me/us1
https://t.me/us10
https://t.me/us2
https://t.me/us2215
https://t.me/us3
https://t.me/us4
https://t.me/us7
https://t.me/usa
https://t.me/usa2
https://t.me/usa7
https://t.me/useredge1
https://t.me/ust2
https://t.me/uydyfkghjrtcsdx
https://t.me/v
https://t.me/v01
https://t.me/v02
https://t.me/v05
https://t.me/v07
https://t.me/v08
https://t.me/v09
https://t.me/v1
https://t.me/v10
https://t.me/v11
https://t.me/v12
https://t.me/v16
https://t.me/v18
https://t.me/v19
https://t.me/v1bsy2b9q5
https://t.me/v2
https://t.me/v20
https://t.me/v21
https://t.me/v22
https://t.me/v23
https://t.me/v24
https://t.me/v26
https://t.me/v27
https://t.me/v29
https://t.me/v2Sou
https://t.me/v2_team
https://t.me/v2box
https://t.me/v2kingfre
https://t.me/v2kingfree
https://t.me/v2line
https://t.me/v2mamad
https://t.me/v2ngfast
https://t.me/v2pedia
https://t.me/v2r
https://t.me/v2raxx
https://t.me/v2ray
https://t.me/v2rayC
https://t.me/v2rayCrow
https://t.me/v2rayNG_Matsuritelegram
https://t.me/v2rayNG_VPN
https://t.me/v2rayNG_VPNN
https://t.me/v2rayNGcloud
https://t.me/v2ray_Team
https://t.me/v2ray_ar
https://t.me/v2ray_for_free
https://t.me/v2ray_new
https://t.me/v2raybaaz
https://t.me/v2raybluecrystal
https://t.me/v2raybluecrystal3
https://t.me/v2rayfree1join
https://t.me/v2raygodvip
https://t.me/v2rayn_server
https://t.me/v2rayng3
https://t.me/v2rayng_fast
https://t.me/v2rayngbaloch
https://t.me/v2rayngninja
https://t.me/v2rayngzendegimamad
https://t.me/v2rays_ha
https://t.me/v2rayserverfreenet
https://t.me/v2raysrv
https://t.me/v2ryorg
https://t.me/v2shop37
https://t.me/v2starvip
https://t.me/v2tr
https://t.me/v2xay
https://t.me/v2ynpv
https://t.me/v3
https://t.me/v30
https://t.me/v315470
https://t.me/v4
https://t.me/v5
https://t.me/vOXsafe
https://t.me/vahem
https://t.me/varzesh3
https://t.me/vb27
https://t.me/velsanto
https://t.me/vfbh5h398f
https://t.me/vi
https://t.me/video
https://t.me/vienna
https://t.me/vioVPN
https://t.me/viop
https://t.me/vip
https://t.me/vip1
https://t.me/vip1hz1
https://t.me/vip2
https://t.me/vip3
https://t.me/vip7
https://t.me/vip_vpn_2022_bot
https://t.me/vipcdn
https://t.me/vipde2
https://t.me/vipde6
https://t.me/viptun2
https://t.me/vipv2rey
https://t.me/visa
https://t.me/visperhost
https://t.me/vista
https://t.me/vitallife
https://t.me/vless
https://t.me/vmesskhodam7
https://t.me/vmessprotocol
https://t.me/vmessvpnbot
https://t.me/vmvmvm123
https://t.me/vn
https://t.me/vod
https://t.me/voip
https://t.me/vp
https://t.me/vp22ray
https://t.me/vpn
https://t.me/vpn_443
https://t.me/vpn_ioss
https://t.me/vpn_room
https://t.me/vpn_v2ray_v2
https://t.me/vpn_xw
https://t.me/vpn_xwTelegram
https://t.me/vpnaloo
https://t.me/vpnclashfa
https://t.me/vpncostumer
https://t.me/vpncustomize
https://t.me/vpncustomize2
https://t.me/vpnfail_bot
https://t.me/vpnjey
https://t.me/vpnjeyTelegram
https://t.me/vpnkodlary1
https://t.me/vpnstoref
https://t.me/vpnstorefast
https://t.me/vpnv2rayNGv
https://t.me/vpnv2rayNGvvless
https://t.me/vpnwedbaz
https://t.me/vpnwedbazTelegram
https://t.me/vps
https://t.me/vs2
https://t.me/vulcansanat
https://t.me/vvvbbbnhj
https://t.me/w
https://t.me/w2
https://t.me/w3
https://t.me/w72tapyb
https://t.me/w8013
https://t.me/wWw
https://t.me/wancloudfa
https://t.me/wangcai
https://t.me/wangcai2
https://t.me/war
https://t.me/warphiddify
https://t.me/we
https://t.me/web
https://t.me/webshecan
https://t.me/wedbazTel
https://t.me/wfi
https://t.me/wgpazu9paq
https://t.me/wguardvpn
https://t.me/whatismyipaddress
https://t.me/white92
https://t.me/wild
https://t.me/wilson
https://t.me/windows10mobile
https://t.me/wireless50
https://t.me/wolf2
https://t.me/wolfb24
https://t.me/wolfy
https://t.me/woxq0i9q2c
https://t.me/ws
https://t.me/www
https://t.me/wz2023jd
https://t.me/x
https://t.me/x14spain
https://t.me/x2rayn_vpnCDN
https://t.me/xawfmeqssn
https://t.me/xiaomandapple4certificate
https://t.me/xiaozhu1
https://t.me/xnforo
https://t.me/xnxv2ray
https://t.me/xnxv2ray2
https://t.me/xpanel
https://t.me/xui
https://t.me/xui3
https://t.me/xwork
https://t.me/xxx
https://t.me/yapc
https://t.me/yd
https://t.me/yebekhe
https://t.me/yesok42v2
https://t.me/yespaintstudio
https://t.me/yourjobnavigator
https://t.me/yt
https://t.me/z
https://t.me/z35lsn
https://t.me/za
https://t.me/zabuza_shop
https://t.me/zahedan
https://t.me/zdyz2
https://t.me/zedbaz_vpn
https://t.me/zede_filt
https://t.me/zede_filteri
https://t.me/zeus
https://t.me/zia33
https://t.me/zir
https://t.me/zmaoz
https://t.me/zone
https://t.me/zoomgov
https://t.me/zula
https://t.me/zx1
https://t.me/zx3
https://t.me/zyro
https://t.me/zzula
